version	concurrency	run	total_mib	elapsed_s	mib_per_s
v2.3.3	1	1	2048	0.600942	3408
v2.3.3	1	2	2048	0.557722	3672
v2.3.3	1	3	2048	0.573716	3570
v2.3.3	4	1	8192	0.695302	11782
v2.3.3	4	2	8192	0.852442	9610
v2.3.3	4	3	8192	0.908812	9014
v2.3.3	8	1	16384	1.4956	10955
v2.3.3	8	2	16384	1.37015	11958
v2.3.3	8	3	16384	1.328	12337
