version	concurrency	run	total_mib	elapsed_s	mib_per_s
v2.3.2	1	1	2048	0.727417	2815
v2.3.2	1	2	2048	0.831056	2464
v2.3.2	1	3	2048	0.792975	2583
v2.3.2	4	1	8192	1.72396	4752
v2.3.2	4	2	8192	1.7167	4772
v2.3.2	4	3	8192	1.71292	4782
v2.3.2	8	1	16384	2.49998	6554
v2.3.2	8	2	16384	2.9611	5533
v2.3.2	8	3	16384	2.70359	6060
